parent_id,child_id,parent_author,child_author
10oyrag,j6ht0bb,BlacksmithDefiant5,
j6ht0bb,j6hv3gg,,GraveDigger111
10oyrag,j6hqcpt,BlacksmithDefiant5,
10oyrag,j6hq2od,BlacksmithDefiant5,jacksonlove3
10oyrag,j6hq1ev,BlacksmithDefiant5,TalkieTina
j6hq1ev,j6hv9ph,TalkieTina,Street-Following-772
10oyrag,j6hpphg,BlacksmithDefiant5,Hairy_Banana_4776
10oyrag,j6hpl3c,BlacksmithDefiant5,green_chapstick
10oyrag,j6houne,BlacksmithDefiant5,MMDCAENE
j6houne,j6huoxs,MMDCAENE,Street-Following-772
10oyrag,j6hod8y,BlacksmithDefiant5,bloonfroot
10oyrag,j6ho44o,BlacksmithDefiant5,MommaGuy
10oyrag,j6hnzbt,BlacksmithDefiant5,tinymember469
10oyrag,j6hnwyz,BlacksmithDefiant5,cosmic_jenny
10oyrag,j6hnvwy,BlacksmithDefiant5,vegetaluvskakarot
10oyrag,j6hnsw9,BlacksmithDefiant5,Dittoheadforever
10oyrag,j6hnmvy,BlacksmithDefiant5,ShelbiLee
10oyrag,j6hnhse,BlacksmithDefiant5,maypokenewtonaway
10oyrag,j6hnha8,BlacksmithDefiant5,Snoopyla1
10oyrag,j6hnf7r,BlacksmithDefiant5,onegrumpybitch
10oyrag,j6hneg4,BlacksmithDefiant5,sylvanwhisper
10oyrag,j6hmgg2,BlacksmithDefiant5,
10oyrag,j6hmfuv,BlacksmithDefiant5,ConsistentAd7859
10oyrag,j6hm9h2,BlacksmithDefiant5,O-girl
10oyrag,j6hph85,BlacksmithDefiant5,xcrisisx
10oyrag,j6ht684,BlacksmithDefiant5,kfinch629
10oyrag,j6hsqlm,BlacksmithDefiant5,argenman
j6hsqlm,j6hty1u,argenman,Suspicious_Air2218
10oyrag,j6hovvd,BlacksmithDefiant5,LewisRyan
10oyrag,j6hvh7m,BlacksmithDefiant5,morenita809
10oyrag,j6hlnnh,BlacksmithDefiant5,IceolatedAF
j6hlnnh,j6hta7y,IceolatedAF,iglidante
10oyrag,j6hrxj6,BlacksmithDefiant5,revgreg57
10oyrag,j6hn621,BlacksmithDefiant5,
j6hn621,j6hseyu,,Bicmastermad
j6hseyu,j6hsq9p,Bicmastermad,
j6hsq9p,j6ht4tz,,Bicmastermad
10oyrag,j6hu40o,BlacksmithDefiant5,Embarrassed-Cod5384
10oyrag,j6hhzto,BlacksmithDefiant5,IHaveSaidMyPiece
j6hhzto,j6hogmv,IHaveSaidMyPiece,Kimbolimbo
10oyrag,j6hu1ae,BlacksmithDefiant5,Treflip666
10oyrag,j6ht8mm,BlacksmithDefiant5,Sea_Ad6457
j6ht8mm,j6hthqq,Sea_Ad6457,Cismale1
j6hthqq,j6httu8,Cismale1,Sea_Ad6457
10oyrag,j6htcks,BlacksmithDefiant5,Cent1234
10oyrag,j6hp2l3,BlacksmithDefiant5,biasp08
j6hp2l3,j6huzmh,biasp08,Street-Following-772
10oyrag,j6hntil,BlacksmithDefiant5,
10oyrag,j6hir9h,BlacksmithDefiant5,Midnight7000
j6hir9h,j6hkad8,Midnight7000,Code_X07
10oyrag,j6hhb8k,BlacksmithDefiant5,BrightSnow12
j6hhb8k,j6hhhvj,BrightSnow12,nayters
j6hhhvj,j6hjgbv,nayters,BrightSnow12
j6hjgbv,j6hjzri,BrightSnow12,nayters
j6hjzri,j6hkzbt,nayters,BrightSnow12
j6hjgbv,j6hl0qc,BrightSnow12,Code_X07
j6hl0qc,j6hlfy9,Code_X07,BrightSnow12
j6hlfy9,j6huefk,BrightSnow12,Code_X07
10oyrag,j6htdwn,BlacksmithDefiant5,EnigmaticSorceries
10oyrag,j6ht45g,BlacksmithDefiant5,Interesting-Sky-1865
10oyrag,j6hrfpq,BlacksmithDefiant5,
10oyrag,j6hib57,BlacksmithDefiant5,
j6hib57,j6hsm4h,,Bicmastermad
10oyrag,j6hv4cf,BlacksmithDefiant5,The_Iron_Mountie
10oyrag,j6hlcwt,BlacksmithDefiant5,semmama
10oyrag,j6hr1pg,BlacksmithDefiant5,
j6hr1pg,j6hvmnf,,Street-Following-772
10oyrag,j6hmr42,BlacksmithDefiant5,CutEmOff666
j6hmr42,j6hpolm,CutEmOff666,dontuwantme2join
10oyrag,j6hk8pz,BlacksmithDefiant5,
j6hk8pz,j6hlj80,,OurMasterAM
10oyrag,j6hq7li,BlacksmithDefiant5,glitter_n_co
10oyrag,j6hvpfk,BlacksmithDefiant5,lesbianbell92
10oyrag,j6hhgrm,BlacksmithDefiant5,
j6hhgrm,j6hhw69,,lionessrabbit
j6hhw69,j6hjjpv,lionessrabbit,Obsidian-Winter
j6hjjpv,j6hkcp8,Obsidian-Winter,notlucyintheskye
j6hhgrm,j6hj0sk,,Code_X07
j6hhgrm,j6hjy12,,bizianka
10oyrag,j6hwcv0,BlacksmithDefiant5,Lost-Presentation787
10oyrag,j6hn7v0,BlacksmithDefiant5,Responsible_Rule_940
10oyrag,j6hrjqu,BlacksmithDefiant5,Less_Ordinary_8516
j6hrjqu,j6hw6pe,Less_Ordinary_8516,Street-Following-772
j6hrjqu,j6hvjgp,Less_Ordinary_8516,bagofcanz
10oyrag,j6huiam,BlacksmithDefiant5,itsgoodtobe_alive
10oyrag,j6huoet,BlacksmithDefiant5,religionlies2u
10oyrag,j6hig6r,BlacksmithDefiant5,AbstractUnicorn
j6hig6r,j6hstfg,AbstractUnicorn,Bicmastermad
j6hig6r,j6hj95f,AbstractUnicorn,nessac
j6hj95f,j6hn9u4,nessac,
j6hn9u4,j6hsz8q,,Bicmastermad
j6hn9u4,j6hs2or,,nessac
j6hig6r,j6hj3wz,AbstractUnicorn,OurMasterAM
j6hig6r,j6hjrhe,AbstractUnicorn,fun_mak21
10oyrag,j6hw9mc,BlacksmithDefiant5,J_o_J_o_B
10oyrag,j6hvtvn,BlacksmithDefiant5,scottccote
10oyrag,j6hw0ph,BlacksmithDefiant5,8Y2qYP2CMdYv
10oyrag,j6hh22o,BlacksmithDefiant5,AutoModerator
10oyrag,j6hv4pl,BlacksmithDefiant5,Mammoth_Effective_68
10oyrag,j6hurnm,BlacksmithDefiant5,bagofcanz
10oyrag,j6hw4k4,BlacksmithDefiant5,Middle_Strength_3460
10oyrag,j6hvt6v,BlacksmithDefiant5,Intermidon
10oyrag,j6hvoba,BlacksmithDefiant5,probablynotkaitlyn
10oyrag,j6hunx1,BlacksmithDefiant5,tekakael
10oyrag,j6htt8b,BlacksmithDefiant5,ontwerpert
10oyrag,j6hte95,BlacksmithDefiant5,Tazwegian01
10oyrag,j6htdg5,BlacksmithDefiant5,Frosty_Raspberry_418
10oyrag,j6hsjib,BlacksmithDefiant5,Mountain-Yogurt2403
10oyrag,j6hrv40,BlacksmithDefiant5,nebunala4328
10oyrag,j6hrsfq,BlacksmithDefiant5,EdgeMiserable4381
10oyrag,j6hrqtx,BlacksmithDefiant5,Bicmastermad
10oyrag,j6hrbq2,BlacksmithDefiant5,Himeros73
10oyrag,j6hqnfo,BlacksmithDefiant5,Salty-Ad5904
10oyrag,j6hqkrc,BlacksmithDefiant5,Introvertedlikewoah
10oyrag,j6hqcw5,BlacksmithDefiant5,prplpassions
10oyrag,j6hqb95,BlacksmithDefiant5,masterstoner420
10oyrag,j6hqb8f,BlacksmithDefiant5,shadowfrost13
10oyrag,j6hqalh,BlacksmithDefiant5,Other-Ad8876
10oyrag,j6hq8q1,BlacksmithDefiant5,arsonfairy
10oyrag,j6hq6sd,BlacksmithDefiant5,UnethicalFood
10oyrag,j6hq6i8,BlacksmithDefiant5,Waerfeles
10oyrag,j6hq3b5,BlacksmithDefiant5,MuggleWitch
10oyrag,j6hprfb,BlacksmithDefiant5,hairyxpice
10oyrag,j6hphpg,BlacksmithDefiant5,
10oyrag,j6hpfgx,BlacksmithDefiant5,notoriousDUG75
10oyrag,j6hn5p3,BlacksmithDefiant5,
10oyrag,j6hmum0,BlacksmithDefiant5,
10oyrag,j6hm5pz,BlacksmithDefiant5,chemg11
10oyrag,j6hq49o,BlacksmithDefiant5,ThrowRARethinking
10oyrag,j6hk3tv,BlacksmithDefiant5,Tatertotsmagee
10oyrag,j6htmth,BlacksmithDefiant5,Syn88estra
10oyrag,j6hvta8,BlacksmithDefiant5,TallBobcat
10oyrag,j6hvrii,BlacksmithDefiant5,ToddlerTots
10oyrag,j6hvm3h,BlacksmithDefiant5,BishopGodDamnYou
10oyrag,j6hvlju,BlacksmithDefiant5,Apprehensive_Hat_193
10oyrag,j6hvjme,BlacksmithDefiant5,Depressedandhighaf
10oyrag,j6hvh3e,BlacksmithDefiant5,Ohcrumbcakes
10oyrag,j6hva5y,BlacksmithDefiant5,ZeldaMayCry
10oyrag,j6hv670,BlacksmithDefiant5,zeezee1619
10oyrag,j6hv4nb,BlacksmithDefiant5,NakedAndAfraidFan
10oyrag,j6hv2oy,BlacksmithDefiant5,pavlovs_pavlova
10oyrag,j6hv1yf,BlacksmithDefiant5,angelmakr9
10oyrag,j6hv12w,BlacksmithDefiant5,
10oyrag,j6huy5a,BlacksmithDefiant5,
10oyrag,j6huw7x,BlacksmithDefiant5,looking4more412
10oyrag,j6huuu1,BlacksmithDefiant5,Tandy45
10oyrag,j6huqiy,BlacksmithDefiant5,DVBHolland
10oyrag,j6huorv,BlacksmithDefiant5,Annual_Jackfruit4449
10oyrag,j6hunjw,BlacksmithDefiant5,mau2891
10oyrag,j6hund2,BlacksmithDefiant5,heardbutnotseen2
10oyrag,j6hulf3,BlacksmithDefiant5,The_Bombsquad
10oyrag,j6hukfo,BlacksmithDefiant5,professershell
10oyrag,j6huk5g,BlacksmithDefiant5,GenericAwfulUsername
10oyrag,j6hujlx,BlacksmithDefiant5,FaiaSakura
10oyrag,j6huiss,BlacksmithDefiant5,Theodora1976
10oyrag,j6huijh,BlacksmithDefiant5,Odd-Scratch-7312
10oyrag,j6hui9x,BlacksmithDefiant5,Foxstress
10oyrag,j6hud7y,BlacksmithDefiant5,univrs_
10oyrag,j6hubw0,BlacksmithDefiant5,AmbienNicoleSmith
10oyrag,j6hub7p,BlacksmithDefiant5,Radiant-Walrus-4961
10oyrag,j6hu8fj,BlacksmithDefiant5,BlindProphetProd
10oyrag,j6hu2fv,BlacksmithDefiant5,LeviSoot
10oyrag,j6hu1u7,BlacksmithDefiant5,Loose_Atmosphere6650
10oyrag,j6htzoy,BlacksmithDefiant5,Karmababe
10oyrag,j6htvpr,BlacksmithDefiant5,CakeEatingRabbit
10oyrag,j6httu5,BlacksmithDefiant5,Yougorockstar
10oyrag,j6htt79,BlacksmithDefiant5,Few-Faithlessness448
10oyrag,j6htpvr,BlacksmithDefiant5,TheGiftOf_Jericho
10oyrag,j6hte9i,BlacksmithDefiant5,Gh0stz1011
10oyrag,j6htcua,BlacksmithDefiant5,prosperosniece
10oyrag,j6htcbo,BlacksmithDefiant5,RevenueNo9164
10oyrag,j6hstw1,BlacksmithDefiant5,opinionsarelikeahs
10oyrag,j6hs234,BlacksmithDefiant5,itwasntmeisw3ar
10oyrag,j6hs0tj,BlacksmithDefiant5,JustTransportation51
10oyrag,j6hryzs,BlacksmithDefiant5,SloppyWholesale
10oyrag,j6hrvi8,BlacksmithDefiant5,
10oyrag,j6hruzk,BlacksmithDefiant5,uniquenewyork_
10oyrag,j6hrhtc,BlacksmithDefiant5,emjem321
10oyrag,j6hra1r,BlacksmithDefiant5,ElectorOfTuscany
10oyrag,j6hqubo,BlacksmithDefiant5,farawaythinker
10oyrag,j6hqt8r,BlacksmithDefiant5,Psychological-Bit430
10oyrag,j6hqphi,BlacksmithDefiant5,cara_666
10oyrag,j6hqljj,BlacksmithDefiant5,
10oyrag,j6hqky7,BlacksmithDefiant5,Pedantic_Phoenix
10oyrag,j6hqifg,BlacksmithDefiant5,Chrysania83
10oyrag,j6hhzb9,BlacksmithDefiant5,Hairy_Dirt3361
j6hhzb9,j6hi9rg,Hairy_Dirt3361,BlacksmithDefiant5
j6hi9rg,j6hisaa,BlacksmithDefiant5,Hairy_Dirt3361
j6hi9rg,j6hot5c,BlacksmithDefiant5,nanda1313
j6hi9rg,j6hpon0,BlacksmithDefiant5,Qookie-Monster
j6hi9rg,j6hth7r,BlacksmithDefiant5,Wrygreymare
j6hi9rg,j6hrm98,BlacksmithDefiant5,ughneedausername
j6hi9rg,j6hv7fe,BlacksmithDefiant5,
j6hi9rg,j6hrp4a,BlacksmithDefiant5,tegeusCromis
j6hi9rg,j6hv8ex,BlacksmithDefiant5,GorditaPeaches
j6hi9rg,j6hs2ja,BlacksmithDefiant5,Rapidbetryal
j6hi9rg,j6hths7,BlacksmithDefiant5,Street-Following-772
j6hi9rg,j6hpref,BlacksmithDefiant5,scrapfactor
j6hi9rg,j6hts73,BlacksmithDefiant5,Syn88estra
j6hi9rg,j6htd2s,BlacksmithDefiant5,3KittenInATrenchcoat
j6hi9rg,j6hv2k5,BlacksmithDefiant5,Best_failure
j6hi9rg,j6hsvzn,BlacksmithDefiant5,Icy_Obligation
j6hi9rg,j6hn6cl,BlacksmithDefiant5,ItsUpandDown
j6hi9rg,j6hronj,BlacksmithDefiant5,
j6hi9rg,j6htd0a,BlacksmithDefiant5,unsafeideas
j6hi9rg,j6hob99,BlacksmithDefiant5,Kimbolimbo
j6hi9rg,j6hqshb,BlacksmithDefiant5,CortaNalgas
j6hi9rg,j6hq6qx,BlacksmithDefiant5,green_chapstick
j6hi9rg,j6hqyhx,BlacksmithDefiant5,Other-Ad8876
j6hi9rg,j6hq1v7,BlacksmithDefiant5,WbdigoQueenie
j6hq1v7,j6hsvx2,WbdigoQueenie,disappointmentcaftan
j6hi9rg,j6hl2id,BlacksmithDefiant5,melcsw
j6hi9rg,j6horr3,BlacksmithDefiant5,
j6hi9rg,j6hkqum,BlacksmithDefiant5,fun_mak21
j6hkqum,j6hn9oa,fun_mak21,
j6hi9rg,j6hmp0y,BlacksmithDefiant5,Proud_Yogurtcloset58
j6hi9rg,j6hl8tn,BlacksmithDefiant5,jamberrynutmeg
j6hi9rg,j6hn6wp,BlacksmithDefiant5,airz23s_coffee
10oyrag,j6hpk47,BlacksmithDefiant5,curlyg1rl
10oyrag,j6hmcbz,BlacksmithDefiant5,fluffhouse1942
10oyrag,j6hw3w2,BlacksmithDefiant5,
10oyrag,j6hvuvy,BlacksmithDefiant5,Cost-Relative
10oyrag,j6hvql5,BlacksmithDefiant5,
10oyrag,j6hvp9w,BlacksmithDefiant5,HailCatsnCoffee
10oyrag,j6hvic0,BlacksmithDefiant5,r3dd1T192837465
10oyrag,j6hvged,BlacksmithDefiant5,QueenSassafras
10oyrag,j6huw4t,BlacksmithDefiant5,z0wy
10oyrag,j6hukug,BlacksmithDefiant5,
10oyrag,j6hu7zd,BlacksmithDefiant5,BeastOGevaudan
10oyrag,j6hu6tx,BlacksmithDefiant5,
10oyrag,j6hu6ol,BlacksmithDefiant5,tilmitt52
10oyrag,j6hu5f9,BlacksmithDefiant5,GorditaPeaches
10oyrag,j6hu3h0,BlacksmithDefiant5,
10oyrag,j6htyf1,BlacksmithDefiant5,SWG_138
10oyrag,j6hthyu,BlacksmithDefiant5,howdouhavegoodnames
10oyrag,j6hthr4,BlacksmithDefiant5,aeakinoglu
10oyrag,j6htfnz,BlacksmithDefiant5,FluLlama
10oyrag,j6ht778,BlacksmithDefiant5,Sad_Marionberry1184
10oyrag,j6ht1gm,BlacksmithDefiant5,DraftGlittering7540
10oyrag,j6hswys,BlacksmithDefiant5,
10oyrag,j6hshws,BlacksmithDefiant5,2022RykerRider
10oyrag,j6hsd1a,BlacksmithDefiant5,Specific-Succotash-8
10oyrag,j6hs95h,BlacksmithDefiant5,
10oyrag,j6hs5yi,BlacksmithDefiant5,Renbarre
10oyrag,j6hs2wo,BlacksmithDefiant5,Charlie_black_
10oyrag,j6hq4ec,BlacksmithDefiant5,Lola-Huntsman
10oyrag,j6hq467,BlacksmithDefiant5,Mabelisms
10oyrag,j6hq2y1,BlacksmithDefiant5,aamslfc
10oyrag,j6hpsnv,BlacksmithDefiant5,shinytelor
10oyrag,j6hpjbp,BlacksmithDefiant5,soph_lurk_2018
10oyrag,j6hpfuf,BlacksmithDefiant5,Salt_Ad_1500
10oyrag,j6hpav7,BlacksmithDefiant5,LonestarLimey
10oyrag,j6hp9q6,BlacksmithDefiant5,Ladyknight0991
10oyrag,j6hp81s,BlacksmithDefiant5,ComicPlatypus
10oyrag,j6hp7j2,BlacksmithDefiant5,Exciting-Pension9416
10oyrag,j6hp0xa,BlacksmithDefiant5,HalcyonDreams36
10oyrag,j6hozzh,BlacksmithDefiant5,Possum-Bastard
10oyrag,j6hoxab,BlacksmithDefiant5,Baosbheinn
10oyrag,j6hounk,BlacksmithDefiant5,Taotastic
10oyrag,j6hoquv,BlacksmithDefiant5,
10oyrag,j6hwfe2,BlacksmithDefiant5,paradoxical_anomaly8
10oyrag,j6hw4le,BlacksmithDefiant5,1emanonst
10oyrag,j6hvn0j,BlacksmithDefiant5,mandatorypanda9317
10oyrag,j6hv3nj,BlacksmithDefiant5,EvidenceOk7759
10oyrag,j6hue7u,BlacksmithDefiant5,saybeller
10oyrag,j6htbpy,BlacksmithDefiant5,632nofuture
10oyrag,j6hsrph,BlacksmithDefiant5,thecratskyone
10oyrag,j6hr75e,BlacksmithDefiant5,Overall-Hour-5809
10oyrag,j6hpen2,BlacksmithDefiant5,FunnyBoysenberry3953
10oyrag,j6hodej,BlacksmithDefiant5,Short-Arrival-5322
10oyrag,j6ho4it,BlacksmithDefiant5,majolie1970
10oyrag,j6ho0hj,BlacksmithDefiant5,random-shit-writing
10oyrag,j6hnbp8,BlacksmithDefiant5,EmmaHere
10oyrag,j6hmgyc,BlacksmithDefiant5,another_goth_girl_13
10oyrag,j6hm1b8,BlacksmithDefiant5,Individual-Body9953
10oyrag,j6hlvnn,BlacksmithDefiant5,Proud_Yogurtcloset58
10oyrag,j6hwajz,BlacksmithDefiant5,Nerdy_Penguin58
10oyrag,j6hw9v9,BlacksmithDefiant5,Rare-Explanation7938
10oyrag,j6hvuzh,BlacksmithDefiant5,ozzy008
10oyrag,j6hvjrp,BlacksmithDefiant5,wigglepie
10oyrag,j6hu4d2,BlacksmithDefiant5,haiylie
10oyrag,j6hts3p,BlacksmithDefiant5,Creepincupcake
10oyrag,j6htl4i,BlacksmithDefiant5,
10oyrag,j6htjlu,BlacksmithDefiant5,
10oyrag,j6hte6o,BlacksmithDefiant5,
10oyrag,j6ht8l0,BlacksmithDefiant5,psipolnista
10oyrag,j6hs1bf,BlacksmithDefiant5,Rumpelteazer45
10oyrag,j6hrxsc,BlacksmithDefiant5,shymania
10oyrag,j6hrqp6,BlacksmithDefiant5,
10oyrag,j6hrpt8,BlacksmithDefiant5,Equivalent_Abroad877
10oyrag,j6hroea,BlacksmithDefiant5,dalexm
10oyrag,j6hritf,BlacksmithDefiant5,Witty_Reporter_9912
10oyrag,j6hrh5v,BlacksmithDefiant5,Grandmas_Cozy
10oyrag,j6hrb70,BlacksmithDefiant5,WaxyWingie
10oyrag,j6hqx8c,BlacksmithDefiant5,FlippingPossum
10oyrag,j6hqtwz,BlacksmithDefiant5,Eliyrian
10oyrag,j6hqqkt,BlacksmithDefiant5,Deepthivel
10oyrag,j6hqly0,BlacksmithDefiant5,MarsAndMighty
10oyrag,j6hon61,BlacksmithDefiant5,unsafeideas
10oyrag,j6hmy0x,BlacksmithDefiant5,PartyCat78
10oyrag,j6hmxjk,BlacksmithDefiant5,HelpingHan724
10oyrag,j6hmr9d,BlacksmithDefiant5,
10oyrag,j6hiwnm,BlacksmithDefiant5,Code_X07
10oyrag,j6hwcr5,BlacksmithDefiant5,IED117
10oyrag,j6hvzk3,BlacksmithDefiant5,mk3jade
10oyrag,j6hvylp,BlacksmithDefiant5,LostStepButtons
10oyrag,j6hvxyo,BlacksmithDefiant5,mrsmamak
10oyrag,j6hvwae,BlacksmithDefiant5,Untimely_manners
10oyrag,j6hvugy,BlacksmithDefiant5,genus-corvidae
10oyrag,j6htqc2,BlacksmithDefiant5,sweetkitty7272
10oyrag,j6htpk5,BlacksmithDefiant5,Manager-Limp
10oyrag,j6hrpmw,BlacksmithDefiant5,depressedsalami
10oyrag,j6hpj68,BlacksmithDefiant5,shado_85
10oyrag,j6hp287,BlacksmithDefiant5,AZ-EQ
10oyrag,j6hown8,BlacksmithDefiant5,Outside-Ad-1677
10oyrag,j6hmv7f,BlacksmithDefiant5,Poinsettia917
10oyrag,j6hhmau,BlacksmithDefiant5,Sajem
10oyrag,j6hkkos,BlacksmithDefiant5,imperfection252222
j6hkkos,j6hpbzq,imperfection252222,kikiweaky
10oyrag,j6hhkmt,BlacksmithDefiant5,KrombopulosJeff
10oyrag,j6hh61b,BlacksmithDefiant5,Judgement_Bot_AITA
10oyrag,j6hwfay,BlacksmithDefiant5,lmchatterbox
10oyrag,j6hu0xm,BlacksmithDefiant5,
10oyrag,j6hrcln,BlacksmithDefiant5,SidsNancy
10oyrag,j6hpsj4,BlacksmithDefiant5,daphydoods
10oyrag,j6hn5h3,BlacksmithDefiant5,TheSpicyNarwhal_
10oyrag,j6hjls5,BlacksmithDefiant5,Training_Ad_7585
10oyrag,j6hn7of,BlacksmithDefiant5,JudgeJoan
j6hn7of,j6hpy2b,JudgeJoan,fierce-retiree
10oyrag,j6hhgi7,BlacksmithDefiant5,retrovertigo23
10oyrag,j6hvv70,BlacksmithDefiant5,DSBS18
10oyrag,j6htwyn,BlacksmithDefiant5,No-Conversation-9918
10oyrag,j6hrvpf,BlacksmithDefiant5,cptdilldo
10oyrag,j6hmbzr,BlacksmithDefiant5,CamelOfHate
10oyrag,j6hhn81,BlacksmithDefiant5,procrastinating_b
j6hhn81,j6hij1e,procrastinating_b,AbstractUnicorn
j6hij1e,j6hkc1i,AbstractUnicorn,
j6hkc1i,j6hmyzo,,GraveDigger111
j6hkc1i,j6hldt5,,mtbgravelgirl
j6hij1e,j6hld8e,AbstractUnicorn,alaynamul
j6hij1e,j6htzvt,AbstractUnicorn,Street-Following-772
10oyrag,j6hhlqg,BlacksmithDefiant5,Vixh81
j6hhlqg,j6hhtrr,Vixh81,BlacksmithDefiant5
j6hhtrr,j6hvr77,BlacksmithDefiant5,Ohcrumbcakes
j6hhtrr,j6htuti,BlacksmithDefiant5,Cismale1
j6hhtrr,j6hsjxt,BlacksmithDefiant5,DobbyFreeElf35
j6hhtrr,j6hsoon,BlacksmithDefiant5,Livid-Ad6451
j6hhtrr,j6hr7et,BlacksmithDefiant5,
j6hhtrr,j6hqw1i,BlacksmithDefiant5,masterstoner420
j6hhtrr,j6hixba,BlacksmithDefiant5,Vixh81
j6hixba,j6hj3ce,Vixh81,BlacksmithDefiant5
j6hj3ce,j6hjkuf,BlacksmithDefiant5,Vixh81
j6hjkuf,j6hm8bg,Vixh81,r_coefficient
j6hm8bg,j6hmols,r_coefficient,Vixh81
j6hmols,j6hnd0e,Vixh81,Vixh81
j6hj3ce,j6hv4px,BlacksmithDefiant5,GorditaPeaches
j6hhtrr,j6hqtss,BlacksmithDefiant5,Melodyp0nd7700900461
j6hhtrr,j6hq0xh,BlacksmithDefiant5,PenguinsFirstVictim
j6hhtrr,j6hhywr,BlacksmithDefiant5,brinkofuniverse
j6hhtrr,j6hpz1i,BlacksmithDefiant5,DismemberedHat
j6hhtrr,j6hm4tm,BlacksmithDefiant5,BoudiccasWrath79
j6hhtrr,j6hihnz,BlacksmithDefiant5,MamaKilla20
j6hihnz,j6hinvk,MamaKilla20,BlacksmithDefiant5
j6hinvk,j6hr72g,BlacksmithDefiant5,GanzGenauFrau
j6hinvk,j6hmcdx,BlacksmithDefiant5,Obsidian-Winter
j6hmcdx,j6hnvcx,Obsidian-Winter,Vixh81
j6hnvcx,j6hori0,Vixh81,Obsidian-Winter
j6hori0,j6hpaph,Obsidian-Winter,Vixh81
j6hpaph,j6hpfj6,Vixh81,Obsidian-Winter
j6hinvk,j6hknp0,BlacksmithDefiant5,JudgeJoan
j6hknp0,j6hlhz2,JudgeJoan,semmama
j6hknp0,j6hnp5h,JudgeJoan,Vixh81
j6hknp0,j6hmjpl,JudgeJoan,throwawayoctopii
j6hknp0,j6hkrh9,JudgeJoan,MamaKilla20
j6hinvk,j6hqtzw,BlacksmithDefiant5,MoDyingSon
10oyrag,j6htof7,BlacksmithDefiant5,
10oyrag,j6ht443,BlacksmithDefiant5,Least-Chip-3923
10oyrag,j6hkfr0,BlacksmithDefiant5,Useful-Emphasis-6787
10oyrag,j6hqris,BlacksmithDefiant5,45hhhhh
10oyrag,j6hqmp6,BlacksmithDefiant5,Lemming2112
10oyrag,j6hmv4q,BlacksmithDefiant5,onlytexts
10oyrag,j6hmm3d,BlacksmithDefiant5,Panaccolade
10oyrag,j6hm1tt,BlacksmithDefiant5,
10oyrag,j6hr9o9,BlacksmithDefiant5,Stumpyz
10oyrag,j6hqpkl,BlacksmithDefiant5,aroundtherosie
10oyrag,j6hqd3d,BlacksmithDefiant5,nosnoresnomore
10oyrag,j6htse8,BlacksmithDefiant5,falathina
10oyrag,j6hlmxr,BlacksmithDefiant5,14ccet1
10oyrag,j6hi3b8,BlacksmithDefiant5,Catisbackthatsafact
10oyrag,j6hk2yi,BlacksmithDefiant5,Thari-97
10oyrag,j6hlqpm,BlacksmithDefiant5,Key-Tie2214
10oyrag,j6hkkmh,BlacksmithDefiant5,mayfeelthis
10oyrag,j6hncto,BlacksmithDefiant5,Apprehensive_Cod4251
10oyrag,j6hmurz,BlacksmithDefiant5,throwawayoctopii
10oyrag,j6hkqbe,BlacksmithDefiant5,ella-marrissa
10oyrag,j6hms2o,BlacksmithDefiant5,5tar_k1ll3r
10oyrag,j6hsptl,BlacksmithDefiant5,ImaginaryStandard293
10oyrag,j6hn9pf,BlacksmithDefiant5,Livinginthemiddle
10oyrag,j6hibyg,BlacksmithDefiant5,S70nkyK0ng
10oyrag,j6hidwc,BlacksmithDefiant5,OurMasterAM
j6hidwc,j6hit9a,OurMasterAM,OurMasterAM
10oyrag,j6hk6mm,BlacksmithDefiant5,bowsarrowsowls
10oyrag,j6hlqp2,BlacksmithDefiant5,creatin01
10oyrag,j6hkh2k,BlacksmithDefiant5,bizianka
10oyrag,j6hsxl0,BlacksmithDefiant5,Charlie_Parkers_Mood
10oyrag,j6hk984,BlacksmithDefiant5,Has422
10oyrag,j6hhqmo,BlacksmithDefiant5,Own_Faithlessness769
j6hhqmo,j6hvn54,Own_Faithlessness769,Nickei88
j6hhqmo,j6hhwrn,Own_Faithlessness769,BlacksmithDefiant5
j6hhwrn,j6hmylp,BlacksmithDefiant5,CutEmOff666
j6hmylp,j6hqwek,CutEmOff666,beepity-boppity
j6hqwek,j6hs0tr,beepity-boppity,unsafeideas
j6hs0tr,j6hvjs8,unsafeideas,beepity-boppity
j6hmylp,j6hoav7,CutEmOff666,Gottapee88
j6hmylp,j6hnqd2,CutEmOff666,paragod_
j6hhwrn,j6hok2h,BlacksmithDefiant5,prettyprincess91
j6hhwrn,j6hma08,BlacksmithDefiant5,Own_Faithlessness769
j6hhwrn,j6hqxjo,BlacksmithDefiant5,No-Mechanic-3048
j6hhwrn,j6hppzi,BlacksmithDefiant5,Aloena77
j6hhwrn,j6hqp21,BlacksmithDefiant5,Icy_Obligation
j6hhwrn,j6hvtlj,BlacksmithDefiant5,DebDestroyerTX
j6hhwrn,j6hro8t,BlacksmithDefiant5,ughneedausername
j6hhwrn,j6hqwwy,BlacksmithDefiant5,
j6hhwrn,j6hpelx,BlacksmithDefiant5,hesawallflower
j6hhwrn,j6hn8xd,BlacksmithDefiant5,Quick-Suspect-9210
j6hhwrn,j6ho8wd,BlacksmithDefiant5,Spicy-Pisces-Crisis
j6hhwrn,j6hlp59,BlacksmithDefiant5,14ccet1
j6hhwrn,j6hsflp,BlacksmithDefiant5,Sensitive_Bit_4687
j6hhwrn,j6hpogv,BlacksmithDefiant5,ohnorojo
j6hhwrn,j6ht0rh,BlacksmithDefiant5,MediumSympathy
j6hhwrn,j6hnfue,BlacksmithDefiant5,rsatanclaus
j6hhwrn,j6hnyiq,BlacksmithDefiant5,soyeah_87
j6hhwrn,j6hiazj,BlacksmithDefiant5,KrombopulosJeff
j6hiazj,j6hii1h,KrombopulosJeff,BlacksmithDefiant5
j6hii1h,j6hn8p1,BlacksmithDefiant5,rich-tma
j6hii1h,j6hkjl2,BlacksmithDefiant5,notlucyintheskye
j6hii1h,j6hleh3,BlacksmithDefiant5,Katharinemaddison
j6hii1h,j6hrdms,BlacksmithDefiant5,
j6hii1h,j6hm16a,BlacksmithDefiant5,Vixh81
j6hii1h,j6hvy4y,BlacksmithDefiant5,HulklingWho
j6hii1h,j6hu15s,BlacksmithDefiant5,Miserable-Mango-7366
j6hii1h,j6hjg9o,BlacksmithDefiant5,bahahaha2001
j6hjg9o,j6hmx7n,bahahaha2001,unsafeideas
j6hmx7n,j6hnw6o,unsafeideas,smol9749been
j6hnw6o,j6hpdun,smol9749been,unsafeideas
j6hpdun,j6httjv,unsafeideas,
j6httjv,j6huhbp,,unsafeideas
j6hjg9o,j6hle92,bahahaha2001,sambamwhamscram
j6hii1h,j6hm6zf,BlacksmithDefiant5,katsikakifrikase
j6hii1h,j6hiuqz,BlacksmithDefiant5,KrombopulosJeff
j6hii1h,j6ho1ar,BlacksmithDefiant5,itsyoirll
j6hii1h,j6hnwyj,BlacksmithDefiant5,hellyeahbeeech
j6hii1h,j6hkbjm,BlacksmithDefiant5,megmagmagmeg
j6hii1h,j6hru4b,BlacksmithDefiant5,91nBoomin
j6hii1h,j6hlwmn,BlacksmithDefiant5,TinaMonday
j6hii1h,j6hivsv,BlacksmithDefiant5,Boring-Ad-2199
j6hivsv,j6hmgg8,Boring-Ad-2199,
j6hmgg8,j6hw88d,,Cavane42
j6hmgg8,j6hw2j2,,Sad_Marionberry1184
j6hmgg8,j6hmwj6,,Lt_Muffintoes
j6hmwj6,j6hncjo,Lt_Muffintoes,
j6hncjo,j6hnxcg,,Lt_Muffintoes
j6hnxcg,j6ho912,Lt_Muffintoes,
j6ho912,j6hplm8,,
j6hplm8,j6hqatj,,
j6hqatj,j6hspnk,,mamapielondon
j6hspnk,j6hsxem,mamapielondon,
j6hsxem,j6htlpn,,
j6ho912,j6hp2tb,,Lt_Muffintoes
j6hp2tb,j6hpy1t,Lt_Muffintoes,
j6hpy1t,j6hrhuc,,
j6hrhuc,j6hsn1p,,
j6hsn1p,j6htqha,,
j6htqha,j6hum8h,,
j6hum8h,j6hvm7b,,GraveDigger111
j6ho912,j6hpls1,,curlywurlies
j6ho912,j6hp9el,,Mushroom_Sized
j6hp9el,j6hqj26,Mushroom_Sized,
j6hqj26,j6hv8jk,,GraveDigger111
j6hmgg8,j6hoplj,,ThePlumage
j6hoplj,j6hp6c9,ThePlumage,
j6hp6c9,j6hx8ab,,AmItheAsshole-ModTeam
j6hp6c9,j6hphsj,,SurprisedPikachu420
j6hphsj,j6hqcrt,SurprisedPikachu420,
j6hqcrt,j6hv95u,,GraveDigger111
j6hqcrt,j6hqhlw,,SurprisedPikachu420
j6hii1h,j6hkirh,BlacksmithDefiant5,Fantastic_Deer_3772
j6hkirh,j6hlddc,Fantastic_Deer_3772,BlacksmithDefiant5
j6hlddc,j6hvzqp,BlacksmithDefiant5,DebDestroyerTX
j6hlddc,j6hmwur,BlacksmithDefiant5,Aure3222
j6hlddc,j6hto0p,BlacksmithDefiant5,
j6hlddc,j6hrdgd,BlacksmithDefiant5,rosywillow
j6hlddc,j6hmu1c,BlacksmithDefiant5,taveth
j6hlddc,j6hnlef,BlacksmithDefiant5,Moony117
j6hlddc,j6hszjx,BlacksmithDefiant5,Beneficial-Yak-3993
j6hlddc,j6hlfv8,BlacksmithDefiant5,Fantastic_Deer_3772
j6hlddc,j6htnzx,BlacksmithDefiant5,ughneedausername
j6hlddc,j6hpjm0,BlacksmithDefiant5,Commercial-Loan-929
j6hiazj,j6hos2w,KrombopulosJeff,Boudicca_Grace
j6hos2w,j6hpbky,Boudicca_Grace,KrombopulosJeff
j6hpbky,j6hsdfm,KrombopulosJeff,Boudicca_Grace
j6hiazj,j6hjjof,KrombopulosJeff,Fergus74
j6hjjof,j6hphqi,Fergus74,starchy2ber
j6hphqi,j6hriz3,starchy2ber,tegeusCromis
j6hjjof,j6hr213,Fergus74,Money-Interesting
j6hjjof,j6hvqrp,Fergus74,Shadowcthuhlu
j6hjjof,j6hk3rs,Fergus74,KrombopulosJeff
j6hjjof,j6ho6wg,Fergus74,
j6hjjof,j6hntgu,Fergus74,smol9749been
j6hjjof,j6hnind,Fergus74,cannacupcake
j6hnind,j6hp9qb,cannacupcake,nomad_l17
j6hp9qb,j6hpsbe,nomad_l17,
j6hp9qb,j6hr2uo,nomad_l17,tjtwister1522
j6hp9qb,j6hpkn5,nomad_l17,lovelybomber
j6hp9qb,j6hpne1,nomad_l17,cmlobue
j6hiazj,j6hrpkk,KrombopulosJeff,ughneedausername
j6hiazj,j6hoq15,KrombopulosJeff,HalcyonDreams36
j6hiazj,j6hm2lv,KrombopulosJeff,katsikakifrikase
j6hhwrn,j6hkgde,BlacksmithDefiant5,Zestyclose_Public_47
j6hhqmo,j6hvwkz,Own_Faithlessness769,Inner-Nothing7779
j6hhqmo,j6hvzo3,Own_Faithlessness769,
j6hhqmo,j6htudt,Own_Faithlessness769,YourFavorite0pp
j6hhqmo,j6hw663,Own_Faithlessness769,
j6hhqmo,j6hqwcg,Own_Faithlessness769,Dry-Clock-1470
j6hhqmo,j6hutc7,Own_Faithlessness769,Solid-Effective-457
j6hhqmo,j6huc4z,Own_Faithlessness769,taewongun1895
j6hhqmo,j6huiql,Own_Faithlessness769,The_Death_Flower
j6hhqmo,j6ho946,Own_Faithlessness769,MommaGuy
j6ho946,j6hvhza,MommaGuy,Sarothias
j6ho946,j6hsid5,MommaGuy,WawaSkittletitz
j6ho946,j6htuse,MommaGuy,Accomplished-Yam6553
j6ho946,j6hq98s,MommaGuy,OriginalAdmirable617
j6hq98s,j6hqmbp,OriginalAdmirable617,Particular-Try5584
j6hqmbp,j6hrqyt,Particular-Try5584,OriginalAdmirable617
j6hqmbp,j6hqsuv,Particular-Try5584,Nikkipar
j6hq98s,j6hqm1f,OriginalAdmirable617,MommaGuy
j6hqm1f,j6hs3jx,MommaGuy,BlueKante
j6hs3jx,j6httx1,BlueKante,hellbabe222
j6httx1,j6hvp4r,hellbabe222,mizeny
j6hqm1f,j6htvs1,MommaGuy,OriginalAdmirable617
j6hqm1f,j6ht3cf,MommaGuy,Lilsis8765
j6ht3cf,j6hv9jb,Lilsis8765,On_my_last_spoon
j6ho946,j6hssgs,MommaGuy,slate1198
j6ho946,j6hrpds,MommaGuy,TyFell
j6hhqmo,j6hugfk,Own_Faithlessness769,brown_eyed_gurl
j6hhqmo,j6ht89h,Own_Faithlessness769,Scotsgit73
j6hhqmo,j6hs6ja,Own_Faithlessness769,MrsKottom
j6hs6ja,j6hv488,MrsKottom,Designer-Cut8773
j6hhqmo,j6hlqxq,Own_Faithlessness769,moosigirl
j6hlqxq,j6hs0ye,moosigirl,MajorNoodles
j6hs0ye,j6hs8ij,MajorNoodles,ThrowawayTrainee749
j6hs8ij,j6hsoe8,ThrowawayTrainee749,DraftGlittering7540
j6hlqxq,j6hqgan,moosigirl,Full_Application3957
j6hqgan,j6hrsnl,Full_Application3957,
j6hrsnl,j6htq95,,
j6htq95,j6hu1ir,,EinsTwo
j6hqgan,j6hti0c,Full_Application3957,noblestromana
j6hti0c,j6hut3y,noblestromana,Full_Application3957
j6hti0c,j6hu9yr,noblestromana,EnviroAggie
j6hu9yr,j6hw9jj,EnviroAggie,APinkNightmare
j6hqgan,j6hqwkx,Full_Application3957,
j6hqwkx,j6ht3lt,,
j6ht3lt,j6humpg,,MrMinigrow
10oyrag,j6hll75,BlacksmithDefiant5,zealous-grasschoice
10oyrag,j6hknuw,BlacksmithDefiant5,
10oyrag,j6hjw9u,BlacksmithDefiant5,riley125
j6hjw9u,j6hr0wz,riley125,CaptAmeriKait
10oyrag,j6hu9vl,BlacksmithDefiant5,FUS_RO_DANK
10oyrag,j6ht743,BlacksmithDefiant5,Tight_Day9668
10oyrag,j6ho0ti,BlacksmithDefiant5,UsagiDreams
10oyrag,j6hl2nn,BlacksmithDefiant5,
10oyrag,j6hlamh,BlacksmithDefiant5,2tinymonkeys
10oyrag,j6hkmk4,BlacksmithDefiant5,SaraWiIlia
10oyrag,j6hhu6o,BlacksmithDefiant5,lionessrabbit
j6hhu6o,j6hi6jn,lionessrabbit,AbstractUnicorn
j6hi6jn,j6hqt61,AbstractUnicorn,
j6hi6jn,j6hjrv3,AbstractUnicorn,lionessrabbit
j6hi6jn,j6hpiwj,AbstractUnicorn,Elizabeth_Theodora
j6hi6jn,j6hss76,AbstractUnicorn,iglidante
j6hi6jn,j6hpvef,AbstractUnicorn,sky_corrigan
j6hi6jn,j6hivpe,AbstractUnicorn,Code_X07
j6hivpe,j6hjt4l,Code_X07,lionessrabbit
j6hi6jn,j6hm7kp,AbstractUnicorn,Rawinsel
j6hi6jn,j6hk0n8,AbstractUnicorn,
j6hk0n8,j6hqwid,,
10oyrag,j6hil6d,BlacksmithDefiant5,Top_Barnacle9669
10oyrag,j6hmzuu,BlacksmithDefiant5,ItsUpandDown
10oyrag,j6hhk48,BlacksmithDefiant5,HolyGonzo
j6hhk48,j6hhps0,HolyGonzo,BlacksmithDefiant5
j6hhps0,j6hn103,BlacksmithDefiant5,
j6hhps0,j6hvefv,BlacksmithDefiant5,HulklingWho
j6hhps0,j6hqemp,BlacksmithDefiant5,
j6hqemp,j6ijcz2,,SnausageFest
j6hhps0,j6hi9ae,BlacksmithDefiant5,HolyGonzo
j6hi9ae,j6hif2p,HolyGonzo,BlacksmithDefiant5
j6hif2p,j6hwf9h,BlacksmithDefiant5,Momofpeg
j6hif2p,j6hiomi,BlacksmithDefiant5,HolyGonzo
j6hiomi,j6hissq,HolyGonzo,BlacksmithDefiant5
j6hissq,j6hri3u,BlacksmithDefiant5,
j6hissq,j6hq1lb,BlacksmithDefiant5,reddot_comic
j6hq1lb,j6hvs80,reddot_comic,Good-Hovercraft6685
j6hissq,j6hqsv8,BlacksmithDefiant5,Other-Ad8876
j6hissq,j6hu2mb,BlacksmithDefiant5,
j6hissq,j6hkc5j,BlacksmithDefiant5,TheSparklyHellHound
j6hissq,j6hmy1r,BlacksmithDefiant5,Esabettie
j6hissq,j6hrdsy,BlacksmithDefiant5,tegeusCromis
j6hissq,j6hj9uz,BlacksmithDefiant5,HolyGonzo
j6hj9uz,j6ht7xa,HolyGonzo,unsafeideas
j6ht7xa,j6hvkq6,unsafeideas,ViscountBurrito
j6ht7xa,j6hvrdy,unsafeideas,ssssssim
j6hvrdy,j6hw9a0,ssssssim,unsafeideas
j6hj9uz,j6hk7ne,HolyGonzo,notlucyintheskye
j6hk7ne,j6hsthp,notlucyintheskye,Ineedasnackandanap
j6hsthp,j6ht2pz,Ineedasnackandanap,notlucyintheskye
j6hk7ne,j6hp76k,notlucyintheskye,Shadowraiden
j6hhps0,j6hw4c4,BlacksmithDefiant5,BishopGodDamnYou
j6hhps0,j6hi1g5,BlacksmithDefiant5,lionessrabbit
j6hhps0,j6huh35,BlacksmithDefiant5,GorditaPeaches
j6hhps0,j6hlu53,BlacksmithDefiant5,cutenele1997
j6hhps0,j6hkhph,BlacksmithDefiant5,cat-lover76
j6hhk48,j6hi2eu,HolyGonzo,AbstractUnicorn
j6hi2eu,j6hiiah,AbstractUnicorn,HolyGonzo
j6hiiah,j6hk946,HolyGonzo,lizfour
j6hk946,j6hpiln,lizfour,Vixh81
j6hpiln,j6hrzni,Vixh81,lizfour
j6hrzni,j6hw0tf,lizfour,arsonconnor
j6hiiah,j6hp59c,HolyGonzo,Vixh81
j6hi2eu,j6hk51x,AbstractUnicorn,notlucyintheskye
10oyrag,j6hl3l4,BlacksmithDefiant5,FumiPlays
10oyrag,j6hkd4o,BlacksmithDefiant5,Plastic_Expression89
10oyrag,j6hk6da,BlacksmithDefiant5,Character-Blueberry
10oyrag,j6hl52s,BlacksmithDefiant5,Fluffy-Detective-270
10oyrag,j6hkb9c,BlacksmithDefiant5,Dry_Kaleidoscope_154
10oyrag,j6hha0x,BlacksmithDefiant5,CutlassKitty
j6hha0x,j6hw1xb,CutlassKitty,alleswaswar
10oyrag,j6hi4dd,BlacksmithDefiant5,
j6hi4dd,j6hpzrk,,MonstersareComing
10oyrag,j6hhvxq,BlacksmithDefiant5,Cheddarbaybiskits
j6hhvxq,j6hryxe,Cheddarbaybiskits,Schillelagh
j6hhvxq,j6hw05f,Cheddarbaybiskits,EvidenceOk7759
j6hhvxq,j6hqgsy,Cheddarbaybiskits,Other-Ad8876
j6hhvxq,j6hj4pc,Cheddarbaybiskits,Vixh81
j6hj4pc,j6hlzdj,Vixh81,RationalDeception
j6hlzdj,j6hvfgc,RationalDeception,EmmaInFrance
j6hlzdj,j6hn450,RationalDeception,Vixh81
j6hj4pc,j6hnkew,Vixh81,calliatom
j6hj4pc,j6hki2b,Vixh81,notlucyintheskye
j6hhvxq,j6hk8h2,Cheddarbaybiskits,TunaNoodleCasserole1
10oyrag,j6hin9h,BlacksmithDefiant5,eppydeservedbetter
10oyrag,j6hj71g,BlacksmithDefiant5,buttercupgrump
j6hj71g,j6ht7e5,buttercupgrump,dontworryitsme4real
j6ht7e5,j6hublk,dontworryitsme4real,Commercial_Pitch_950
j6hublk,j6hussn,Commercial_Pitch_950,dontworryitsme4real
j6hussn,j6huvrh,dontworryitsme4real,Commercial_Pitch_950
j6hj71g,j6hu2ni,buttercupgrump,tropicalcannuck
j6hj71g,j6horhs,buttercupgrump,Shadowraiden
j6hj71g,j6hlzer,buttercupgrump,Rawinsel
j6hlzer,j6hru6q,Rawinsel,Donut_Whole
j6hlzer,j6hml3w,Rawinsel,Ok-Meringue-259
j6hml3w,j6htl06,Ok-Meringue-259,SuprisreDyslxeia
j6hml3w,j6hs6te,Ok-Meringue-259,
j6hs6te,j6ht97h,,MotherOfMoggies
j6hml3w,j6hq27t,Ok-Meringue-259,age4hy
j6hq27t,j6hw6fa,age4hy,MissNxx
10oyrag,j6hk1cc,BlacksmithDefiant5,notlucyintheskye
j6hk1cc,j6hsrpn,notlucyintheskye,Icy_Obligation
j6hk1cc,j6htm6w,notlucyintheskye,NeedlesslySwanky
j6htm6w,j6hu5o8,NeedlesslySwanky,notlucyintheskye
j6hu5o8,j6hvkc2,notlucyintheskye,NeedlesslySwanky
10oyrag,j6hjj66,BlacksmithDefiant5,
j6hjj66,j6hswng,,Cent1234
j6hswng,j6hvdhr,Cent1234,Iggy_Kappa
j6hjj66,j6hpzn9,,PigeonBoiAgrougrou
j6hjj66,j6hojnq,,Ok-Sugar-7399
j6hojnq,j6hqhkx,Ok-Sugar-7399,West-Interaction4759
j6hqhkx,j6hvm1y,West-Interaction4759,maddiep81
10oyrag,j6hhgfz,BlacksmithDefiant5,NidorinoBeano
j6hhgfz,j6hhliy,NidorinoBeano,BlacksmithDefiant5
j6hhliy,j6hv9c1,BlacksmithDefiant5,CheekiCheshire
j6hhliy,j6hvxoq,BlacksmithDefiant5,
j6hhliy,j6hw7k9,BlacksmithDefiant5,
j6hhliy,j6hl5b3,BlacksmithDefiant5,sfrancisch5842
j6hhliy,j6hhz22,BlacksmithDefiant5,lionessrabbit
j6hhliy,j6hhq0c,BlacksmithDefiant5,000-Hotaru_Tomoe
j6hhliy,j6hndmk,BlacksmithDefiant5,quenishi
j6hhliy,j6hud37,BlacksmithDefiant5,GorditaPeaches
j6hhliy,j6hhrko,BlacksmithDefiant5,NidorinoBeano
j6hhliy,j6hr3oa,BlacksmithDefiant5,GeneralLei
j6hhliy,j6hljc4,BlacksmithDefiant5,Katharinemaddison
j6hhliy,j6hoo35,BlacksmithDefiant5,evsummer
10oyrag,j6hlmxw,BlacksmithDefiant5,Foreign-Possible3565
10oyrag,j6hwfvl,BlacksmithDefiant5,GraveDigger111
